Lemur, 
Cheetah, 
Kangaroo, 
Penguin, 
Chimpanzee, 
Giraffe, 
Koala, 
Ostrich, 
Wolf, 
Rhinoceros, 
Hedgehog, 
Flamingo, 
Donkey, 
Tiger, 
Bear, 
Fox, 
Monkey, 
Elephant, 
Rabbit, 
Horse, 
Goat, 
Snake, 
Lion, 
Deer, 
Frog, 
Rat, 
Mouse, 
Tortoise, 
Seal, 
Badger, 
Mole, 
Otter, 
Hawk, 
Pig, 
Shark, 
Crocodile, 
Puma, 
Squirrel, 
Falcon, 
Raccoon, 
Cheetah, 
Cat, 
Rabbit, 
Turkey, 
Dolphin, 
Parrot, 
Owl, 
Dog, 
Rabbit, 
Sheep, 
Turkey, 
Turtle, 
Rabbit, 
Goose, 
Donkey, 
Ostrich, 
Fox, 
Kangaroo, 
Giraffe, 
Monkey, 
Snake, 
Cat, 
Frog, 
Raccoon, 
Elephant, 
Parrot, 
Turkey, 
Donkey, 
Tortoise, 
Dolphin, 
Cheetah, 
Cat, 
Owl, 
Penguin, 
Wolf, 
Rabbit, 
Rat, 
Raccoon, 
Turkey, 
Seal, 
Monkey, 
Deer, 
Puma, 
Rabbit, 
Giraffe, 
Lion, 
Falcon, 
Goose, 
Turkey, 
Raccoon, 
Wolf, 
Hedgehog, 
Parrot, 
Puma, 
Ostrich, 
Turtle, 
Monkey, 
Rabbit, 
Tortoise, 
Frog, 
Goat, 
Fox, 
Dolphin, 
Donkey, 
Hawk, 
Kangaroo, 
Elephant, 
Turkey, 
Deer, 
Snake, 
Badger, 
Falcon, 
Wolf, 
Owl, 
Cheetah, 
Penguin, 
Goat, 
Turkey, 
Dolphin, 
Puma, 
Raccoon, 
Seal, 
Rabbit, 
Monkey, 
Cat, 
Crocodile, 
Donkey, 
Turtle, 
Parrot, 
Pig, 
Hawk, 
Kangaroo, 
Goose, 
Deer, 
Frog, 
Sheep, 
Badger, 
Shark, 
Ostrich, 
Falcon, 
Tortoise, 
Raccoon, 
Turkey, 
Donkey, 
Goat, 
Horse, 
Snake, 
Rabbit, 
Lemur, 
Wolf, 
Cheetah, 
Raccoon, 
Rat, 
Goose, 
Monkey, 
Giraffe, 
Tortoise, 
Penguin, 
Elephant, 
Parrot, 
Crocodile, 
Rabbit, 
Dolphin, 
Puma, 
Hedgehog, 
Hawk, 
Goat, 
Deer, 
Fox, 
Ostrich, 
Pig, 
Cat, 
Turkey, 
Falcon, 
Monkey, 
Sheep, 
Kangaroo, 
Lion, 
Goose, 
Seal, 
Donkey, 
Turtle, 
Raccoon, 
Horse, 
Frog, 
Wolf, 
Badger, 
Tortoise, 
Owl, 
Snake, 
Raccoon, 
Deer, 
Puma, 
Donkey, 
Elephant, 
Penguin, 
Rabbit, 
Shark, 
Parrot, 
Raccoon, 
Puma, 
Goat, 
Falcon, 
Kangaroo, 
Rat, 
Hedgehog, 
Dolphin, 
Cat, 
Frog, 
Turtle, 
Fox, 
Rabbit, 
Badger, 
Owl, 
Goose, 
Puma, 
Turkey, 
Wolf, 
Lemur, 
Monkey, 
Sheep, 
Kangaroo, 
Ostrich, 
Deer, 
Raccoon, 
Shark, 
Crocodile, 
Horse, 
Turkey, 
Tortoise, 
Raccoon, 
Goose, 
Cheetah, 
Parrot, 
Turtle, 
Dolphin, 
Seal, 
Falcon, 
Elephant, 
Monkey, 
Goat, 
Rabbit, 
Badger, 
Raccoon, 
Puma, 
Donkey, 
Hawk, 
Donkey, 
Lion, 
Fox, 
Owl, 
Snake, 
Kangaroo, 
Parrot, 
Frog, 
Rat, 
Goat, 
Deer, 
Turkey, 
Turtle, 
Horse, 
Wolf, 
Penguin, 
Shark, 
Pig, 
Crocodile, 
Puma, 
Lemur, 
Raccoon, 
Sheep, 
Monkey, 
Tortoise, 
Falcon, 
Ostrich, 
Hedgehog, 
Goose, 
Donkey, 
Seal, 
Cheetah, 
Frog, 
Rabbit, 
Elephant, 
Cat, 
Kangaroo, 
Giraffe, 
Badger, 
Goat, 
Raccoon, 
Wolf, 
Turkey, 
Dolphin, 
Falcon, 
Owl, 
Donkey, 
Rabbit, 
Kangaroo, 
Monkey, 
Lemur, 
Tortoise, 
Hawk, 
Snake, 
Deer, 
Fox, 
Shark, 
Puma, 
Parrot, 
Raccoon, 
Giraffe, 
Owl, 
Crocodile, 
Elephant, 
Turtle, 
Pig, 
Goose, 
Horse, 
Penguin, 
Seal, 
Frog, 
Donkey, 
Raccoon, 
Wolf, 
Lion, 
Turtle, 
Puma, 
Kangaroo, 
Rabbit, 
Goose, 
Hedgehog, 
Dolphin, 
Sheep, 
Badger, 
Fox, 
Ostrich, 
Monkey, 
Falcon, 
Parrot, 
Turkey, 
Goat, 
Tortoise, 
Puma, 
Crocodile, 
Cat, 
Rat, 
Elephant, 
Deer, 
Raccoon, 
Rabbit, 
Snake, 
Donkey, 
Giraffe, 
Owl, 
Shark, 
Horse, 
Monkey, 
Turtle, 
Frog, 
Raccoon, 
Wolf, 
Penguin, 
Lemur, 
Pig, 
Ostrich, 
Badger, 
Goat, 
Hawk, 
Dolphin, 
Puma, 
Falcon, 
Rabbit, 
Kangaroo, 
Donkey, 
Seal, 
Parrot, 
Hedgehog, 
Giraffe, 
Goose, 
Crocodile, 
Deer, 
Tortoise, 
Turkey, 
Lemur, 
Raccoon, 
Frog, 
Elephant, 
Ostrich, 
Shark, 
Donkey, 
Rat, 
Monkey, 
Puma, 
Turtle, 
Horse, 
Badger, 
Raccoon, 
Falcon, 
Owl, 
Kangaroo, 
Rabbit, 
Dolphin, 
Snake, 
Lemur, 
Fox, 
Wolf, 
Goose, 
Crocodile, 
Penguin, 
Sheep, 
Hawk, 
Pig, 
Tortoise, 
Goat, 
Deer, 
Parrot, 
Raccoon, 
Turkey, 
Frog, 
Elephant, 
Seal, 
Donkey, 
Raccoon, 
Kangaroo, 
Shark, 
Cat, 
Monkey, 
Rabbit, 
Horse, 
Owl, 
Lemur, 
Goat, 
Falcon, 
Hedgehog, 
Dolphin, 
Puma, 
Wolf, 
Giraffe, 
Raccoon, 
Penguin, 
Badger, 
Tortoise, 
Frog, 
Donkey, 
Rabbit, 
Goose, 
Parrot, 
Turkey, 
Crocodile, 
Deer, 
Elephant, 
Snake, 
Raccoon, 
Fox, 
Ostrich, 
Lemur, 
Kangaroo, 
Turtle, 
Rabbit, 
Owl, 
Shark, 
Monkey, 
Pig, 
Sheep, 
Horse, 
Tortoise, 
Raccoon, 
Falcon, 
Goose, 
Puma, 
Hawk, 
Donkey, 
Giraffe, 
Deer, 
Rat, 
Frog, 
Crocodile, 
Penguin, 
Wolf, 
Raccoon, 
Lemur, 
Horse, 
Badger, 
Goose, 
Snake, 
Kangaroo, 
Parrot, 
Turtle, 
Dolphin, 
Puma, 
Cat, 
Falcon, 
Turkey, 
Rabbit, 
Ostrich, 
Seal, 
Monkey, 
Goat, 
Elephant, 
Donkey, 
Hedgehog, 
Fox, 
Tortoise, 
Raccoon, 
Deer, 
Owl, 
Lemur, 
Crocodile, 
Giraffe, 
Goose, 
Raccoon, 
Hawk, 
Pig, 
Rabbit, 
Raccoon, 
Kangaroo, 
Wolf, 
Penguin, 
Tortoise, 
Frog, 
Dolphin, 
Raccoon, 
Sheep, 
Falcon, 
Monkey, 
Donkey, 
Snake, 
Shark, 
Lemur, 
Puma, 
Ostrich, 
Falcon, 
Horse, 
Parrot, 
Deer, 
Rabbit, 
Goose, 
Crocodile, 
Badger, 
Turtle, 
Seal, 
Penguin, 
Lemur, 
Frog, 
Goat, 
Elephant, 
Fox, 
Rat, 
Tortoise, 
Raccoon, 
Kangaroo, 
Owl, 
Hedgehog, 
Puma, 
Raccoon, 
Donkey, 
Hawk, 
Monkey, 
Crocodile, 
Wolf, 
Turkey, 
Giraffe, 
Dolphin, 
Snake, 
Ostrich, 
Badger, 
Rabbit, 
Lemur, 
Falcon, 
Parrot, 
Goose, 
Puma, 
Turtle, 
Sheep, 
Deer, 
Elephant, 
Donkey, 
Shark, 
Horse, 
Raccoon, 
Frog, 
Kangaroo, 
Penguin, 
Fox, 
Tortoise, 
Monkey, 
Goat, 
Cat, 
Raccoon, 
Owl, 
Lemur, 
Crocodile, 
Rabbit, 
Giraffe, 
Hawk, 
Dolphin, 
Badger, 
Parrot, 
Seal, 
Raccoon, 
Donkey, 
Rat, 
Frog, 
Puma, 
Turkey, 
Tortoise, 
Snake, 
Raccoon, 
Kangaroo, 
Penguin, 
Goat, 
Horse, 
Monkey, 
Goose, 
Shark, 
Lemur, 
Elephant, 
Crocodile, 
Puma, 
Wolf, 
Owl, 
Hedgehog, 
Rabbit, 
Deer, 
Badger, 
Raccoon, 
Falcon, 
Turtle, 
Donkey, 
Pig, 
Kangaroo, 
Frog, 
Giraffe, 
Dolphin, 
Turkey, 
Raccoon, 
Crocodile, 
Penguin, 
Seal, 
Monkey, 
Fox, 
Tortoise, 
Rat, 
Parrot, 
Goat, 
Hawk, 
Ostrich, 
Snake, 
Lemur, 
Sheep, 
Horse, 
Elephant, 
Raccoon, 
Goose, 
Wolf, 
Puma, 
Frog, 
Raccoon, 
Donkey, 
Owl, 
Deer, 
Kangaroo, 
Badger, 
Shark, 
Giraffe, 
Pig, 
Rabbit, 
Turtle, 
Monkey, 
Crocodile, 
Tortoise, 
Puma, 
Turkey, 
Raccoon, 
Goose, 
Horse, 
Falcon, 
Rat, 
Penguin, 
Donkey, 
Lemur, 
Snake, 
Seal, 
Hedgehog, 
Goat, 
Wolf, 
Frog, 
Owl, 
Elephant, 
Raccoon, 
Crocodile, 
Kangaroo, 
Parrot, 
Rabbit, 
Shark, 
Badger, 
Dolphin, 
Puma, 
Goat, 
Deer, 
Raccoon, 
Horse, 
Turkey, 
Monkey, 
Ostrich, 
Falcon, 
Tortoise, 
Penguin, 
Giraffe, 
Frog, 
Sheep, 
Donkey, 
Raccoon, 
Kangaroo, 
Lemur, 
Crocodile, 
Goose, 
Cat, 
Owl, 
Shark, 
Raccoon, 
Parrot, 
Badger, 
Rabbit, 
Turtle, 
Hawk, 
Donkey, 
Dolphin, 
Fox, 
Tortoise, 
Puma, 
Penguin, 
Wolf, 
Rat, 
Snake, 
Elephant, 
Goose, 
Kangaroo, 
Hedgehog, 
Monkey, 
Deer, 
Falcon, 
Goat, 
Raccoon, 
Rabbit, 
Crocodile, 
Ostrich, 
Frog, 
Turkey, 
Seal, 
Horse, 
Lemur, 
Pig, 
Badger, 
Giraffe, 
Parrot, 
Sheep, 
Donkey,