animal,.csv,.html,.json,.md,.txt,.txt1,.yml
aardvark,25,25,11,11,15,11,9
addax,3,1,,3,1,1,2
african elephant,,2,,2,,6,
african grey parrot,,,2,1,,1,
agama,,,,1,,,
agouti,1,,,,,,
albatross,8,,1,2,4,1,
alligator,77,16,40,40,72,8,29
alpaca,19,1,3,4,19,3,1
alpacas,1,,,,,,
american alligator,,,,1,,,
amur leopard,,,,1,,,
anaconda,10,,3,1,6,2,1
ancient white dolphin,,1,,,,,
and mountain goat,1,,,,,,
andean condor,,1,,,,,
anemone,2,,,1,1,,
angelfish,3,,,,,,
anglerfish,1,,,,,,
animal names,,1,,,,,
animals,,,,1,,,
animaltype,1,,,,,,
anole,3,,,1,,,
ant,20,5,9,8,18,,
anteater,23,2,1,2,11,2,1
antelope,23,9,9,13,21,2,3
antã­lope,,1,,,,,
arctic fox,7,1,,1,1,4,1
arctic hare,,,,,,1,
arctic seal,,,,,,1,
armadillo,86,23,23,37,75,36,24
armadillos,,1,,,,,
arowana,1,,,,,,
asian elephant,,,,2,,,
atlantic puffin,,,,2,,,
atlantic salmon,,,1,,,,
auk,1,,1,,,,
auklet,,1,,1,,,
australian kangaroo,,1,,,,2,
australian zebra finch,,,,1,,,
axolotl,12,12,15,24,4,19,10
axolotls,,1,,,,,
ayantimi,,1,,,,,
aye aye,1,3,1,,1,1,
aye-aye,1,3,1,1,,3,1
ayres' hawk,,1,,,,,
azure turtle,,1,,,,,
baboon,12,2,,1,10,,
badger,37,9,5,7,36,10,9
bald eagle,7,2,6,2,3,2,
ball python,,,,1,,,
baltimore oriole,,,,,1,,
banana leaf frog,,1,,,,,
bandicoot,1,,,,,,
barb,1,,,,,,
barn owl,,,,1,,,
barnaby badger,,,,,1,,
barnacle,,,,,1,,
barracuda,1,,,,1,,
barracudas,,1,,,,,
basilisk,,,1,,,,
bass,1,,,,,,
bat,12,7,7,16,19,5,7
baxter,,,,,,1,
bear,222,239,181,218,220,235,185
beaver,36,7,5,4,20,1,
bee,12,4,9,7,15,,
beetle,15,3,1,2,5,,1
bengal cat,,1,,,,,
bengal tiger,,,,2,,6,
bernice lemur,,,,,1,,
betta,4,,,,,,
bilby,1,,,,,,
binturong,1,2,1,1,1,,
binx,1,,,,,,
bird,25,15,16,20,12,7,16
bison,36,7,8,8,32,4,2
black bear,4,,,,,,
black rhinoceros,,2,,1,,,
black-footed ferret,,,,1,,,
blue agama,,1,,,,,
blue dragon,,3,,1,,,
blue jay,3,4,,2,1,4,
blue poison dart frog,,1,2,1,,1,
blue poison frog,,,,,,1,
blue tang,,,,,,,1
blue whale,3,1,2,,3,2,
bluebird,2,,,,,1,
bluejay,,,1,1,,1,
boa,2,,,,2,,
boa constrictor,1,1,,1,1,,
boar,,,1,,,,
bobcat,3,,,,1,1,1
bongo,,,,1,,,
bonobo,3,,,,,,
boris,,,1,,,,
box turtle,,,1,,,,
bright peacock,,1,,,,,
brown bear,4,2,2,1,2,,
brown hyena,,1,,,,,
bruiser,,,1,,,,
bruno,1,,,,,,
bubbles,,,,2,,1,1
bucky,,,1,,,,
buffalo,20,3,5,6,25,1,2
bull,,2,1,,,,
bulldog,,,,1,2,,
bullfrog,1,,,1,,,
butterfly,27,14,12,15,30,1,3
butterflyfish,1,,,,,1,
buzzard,,,,1,,,
caiman,,1,,,,,
calf,1,,,,,,
camel,50,17,49,24,77,9,6
cameleon,,1,,,,,
camelid,1,,,,,,
camels,3,,,,,,
canary,10,,1,2,5,,
cangaroo,,,,1,,,
capuchin monkey,2,,,,1,,
capybara,18,12,6,1,10,1,2
capybaras,,1,,,,,
caracal,2,1,,,,,
cardinal,4,,,,,,
caribou,9,,,,6,,1
carp,5,,,1,1,,
caspian,1,,,,,,
cassowary,4,6,2,2,6,,2
cat,140,43,70,132,123,71,109
caterpillar,4,,1,3,8,,
catfish,4,3,,,,,
cats,,,,1,,,
centipede,8,,1,,2,,
chameleon,56,48,22,54,39,38,31
cheeta,,1,,,,,
cheetah,258,181,223,208,258,221,205
cheeto,,,1,,,1,
cherry laurel moth,,,,,1,,
chick,1,,,,,,
chickadee,1,,,1,,,
chicken,22,5,1,1,5,1,4
chihuahua,,1,,,1,,
chimpanzee,59,29,28,44,69,49,61
chinchilla,13,4,5,10,5,14,12
chinchillas,,1,,,,,
chinese water dragon,,1,,,,,
chipmunk,5,,5,2,6,1,
cicada,1,,,,,,
cichlid,1,,,,,,
civet,3,1,,,,,
clam,2,,,,,,
clementine raccoon,,,,,1,,
cleo,,,,,,1,
clownfish,16,,1,,,,
coati,,,1,,1,2,
cobra,9,5,3,4,12,9,6
cockatoo,1,,2,1,1,,
cockroach,,,,1,,,
cocoa,,,,1,,,
cod,,1,,,,,
comet fish,,,,,,1,
common octopus,,1,,,,,
common toad,,1,,,,,
comodo dragon,1,,,,,,
coral,7,,,,2,,
coral trout,1,,1,,,,
cormorant,2,,,1,1,,
coscer,1,,,,,,
couchant falcon,,,,,1,,
cougar,10,,1,1,3,,
cow,41,16,4,5,19,1,6
cowbird,1,,,,,,
coyote,13,,3,2,16,,
coypu,1,,,,,,
crab,51,10,5,20,49,,5
crane,3,,,,,1,
creamsicle coral,,,,1,,,
crested crane,,,,1,,,
cricket,4,,,1,,,
crimson otter,,1,,,,,
croco,1,,,,,,
crocodile,132,60,93,128,141,106,130
crocoâ­dile,1,,1,,,,
crow,20,3,,3,18,,
crows,,,,1,,,
cuddles,,,,,,1,
curlew,1,,,,,,
cuttlefish,9,,1,2,2,2,
dachshund,,,,1,,,
daisy,,,1,,,,
dall sheep,,,3,,,,
dalmatian,,1,,,,,
deer,102,74,62,84,101,62,54
dhole,,,1,1,,,
digger,1,,,,,,
dik-dik,,,,,,1,
dingo,4,1,2,1,3,,1
dinosaur,,,,,,,1
diplodocus,,1,,,,,
discus,1,,,,,,
dodo,2,,,,1,,
dog,130,45,69,122,118,68,100
dolphin,157,97,187,196,230,179,217
dolphins,,,,,,1,
donkey,63,32,10,22,54,8,14
dove,3,1,,,1,,1
dragonfly,27,8,3,6,23,,
dromedary,1,,1,,,1,
dromedary camel,,,,1,,,
drone,1,,,,,,
duck,30,7,1,6,14,,3
dugong,3,3,4,9,6,4,1
duiker,1,,,,,,
duke,,,,,,1,
eagle,76,21,69,81,104,49,63
earthworm,1,,,,,,
eastern gray squirrel,,,,,,1,
eastern grey kangaroo,,1,,,,,
eastern tiger salamander,,,,1,,,
echidna,9,10,5,5,4,,3
eel,5,4,1,4,4,2,4
egret,,,,,1,,
elefante,,1,,,,,
elephant,404,391,399,369,397,370,394
elephant seal,3,4,1,2,2,,1
elk,7,,,1,6,,
emperor penguin,,1,1,1,,2,
emu,9,3,1,4,6,,
eskimo dog,,1,,,,,
esquimau,1,,,,,,
european hedgehog,,1,,1,,,
european polecat,,1,,,,,
european robin,,,,1,,,
falcon,108,64,78,82,124,51,61
fang,,1,,,,,
fast fox,1,,,,,,
fennec,11,6,14,12,14,15,15
fennec fox,16,24,26,18,14,10,6
fennec foxes,,1,,,,,
ferret,7,4,,1,2,1,
fido,1,,1,,1,1,
finch,5,,,1,3,,
finn,2,,1,,1,,
finnley,,,1,,1,,
finnley falcon,,,,,1,,
fish,22,13,5,9,9,5,8
fjord,,,,1,,,
flamingo,71,26,33,53,54,53,38
fluffy,1,,1,1,,5,1
fly,2,,,,1,,
flying squirrel,,1,,,,,
foal,,,,1,1,,
fossa,1,4,1,5,2,2,1
fox,153,144,102,125,141,97,107
foxincerely,1,,,,,,
frilled lizard,,,1,,,,
frog,64,68,44,42,95,7,21
frogfish,,1,,,,,
frosty hare,,1,,,,,
fulvous whistling duck,,,,1,,,
fuzzy,,,,,,1,
galapagos tortoise,,1,,,,,
gazelle,14,8,7,4,15,3,4
gecko,8,2,,2,1,,
geese,1,,,,,,
gelada baboon,,1,,,,,
gerald penguin,,,,,1,,
gerbil,3,,,,2,,
giant anteater,,1,,,,,
giant panda,1,2,3,1,,2,
gibbon,3,3,1,3,4,2,
gila monster,1,,,1,,,
ginger,,,,1,,2,
giraffe,432,408,419,348,434,320,364
giraffe weevil,,1,2,,1,,
gizmo,,,2,1,,2,1
gnu,1,,,,,,
goat,35,15,3,4,24,,5
goblin shark,,,1,,,,
golden eagle,1,3,3,1,,2,
golden gecko,,1,,,,,
golden jaguar,,,,1,,,
golden lion tamarin,,1,,,,,
golden parrot,,1,,,,,
golden retriever,,,,1,1,,
goldfinch,1,,,,,1,
goldfish,4,2,2,2,,,
goose,22,2,,4,6,,1
gopher,,,,,1,,
gorila,,,,,,1,
gorilla,67,28,47,154,78,204,182
gracie,1,,,,,,
grasshopper,5,,,,1,,
gray wolf,1,,,,,1,
great horned owl,1,,,,,,
great white shark,1,,,,,,
green iguana,,,1,3,,3,
green sea turtle,,,,,,1,
green tree frog,,1,,,,1,
grizzly bear,7,,,,,,1
groundhog,1,,,,,,
guan,,,,1,1,,
guanaco,,1,3,,,,
guepardo,,1,,,,,
guido,1,,,,,,
guinea pig,11,,1,,3,,
hammerhead shark,1,,,1,1,1,
hamster,17,9,2,4,7,1,
harbor seal,,,,,1,,
hare,1,,1,4,4,,2
harlequin duck,,1,,,,,
harlequin frog,,,,1,,,
harlequin macaw,,,1,,,,
harp seal,,1,,,,,
harpy eagle,,6,2,1,,,
hawk,34,9,19,26,41,2,6
hedda fox,,,,,1,,
hedgehog,85,76,51,62,120,37,28
hen,1,,,,,,
hermit crab,1,1,,,1,1,
heron,3,,,,1,,
himalayan monal,,,,,,2,
hipopã³tamo,,1,,,,,
hippo,54,26,70,18,29,15,20
hippopotamus,109,80,147,107,153,87,95
honeybee,,,,1,,,
hornbill,,,,,1,,
horse,76,44,29,32,63,11,28
howler monkey,1,,,,,,
hummingbird,36,33,11,5,25,2,
humpback whale,2,,,,,,
husky,1,,,,,,
hyena,84,12,19,21,51,23,21
hyrax,6,,,,1,1,
ibex,5,4,,5,2,,
ibis,1,,,,,,
ibiza,1,,,,,,
ibiza butterfly,,1,,,,,
ibizan hound,,1,2,,,,
iguana,20,16,3,12,2,12,9
impala,4,,,1,,,
indian cobra,,3,1,1,,,
indian pangolin,,1,,,,,
indian peafowl,,,,,,1,
jackal,17,,1,,12,,
jackrabbit,,,,,1,,
jager,1,,,,,,
jaguar,77,54,17,27,52,20,17
jaguars,1,,,,,,
jaguarundi,4,5,,2,1,,
javan rhino,,,1,1,,,
jellyfish,13,3,3,6,29,2,3
jerboa,,,,,,,1
jirafa,,1,,,,,
kakapo,,,,2,,1,1
kangaroo,332,295,362,340,350,358,352
kangaroo rat,2,1,,1,1,,
kelpie,,,,1,,,
kestrel,,1,,,,,
kidneyfish,,,,,1,,
killer whale,1,,,,,,
king cobra,1,1,1,,,1,
kingfisher,2,,,,1,,
kinkajou,1,1,3,1,,,
kitten,,2,,,,,1
kiwi,3,,,1,,2,1
koala,261,210,226,204,260,229,257
koala bear,1,,1,,,,
koel,1,,,,,,
kolkrabe,,1,,,,,
komodo,,3,,,,,
komodo dragon,10,13,5,16,7,8,4
komodo wryneck,,,,1,,,
kookaburra,1,,1,2,,,1
krypto,1,,,,,,
kudu,,,,1,,,
labrador,,,,,,,1
labrador retriever,,1,,,1,,
ladybug,4,1,,2,1,,
leatherback turtle,1,,,,,,
lechuza,1,,,,,,
lechwe,1,,,,,,
lemur,72,71,64,73,102,72,69
leopard,124,75,97,91,114,61,69
leopard seal,2,1,,,1,,
leopardo,,1,,,,,
leopards,,,,,,,2
leoparrd,,,,1,,,
lesser panda,1,,,,,,
lion,365,337,339,324,319,302,341
lion's mane jellyfish,,,,1,,,
lioness,1,,,,1,,
lionfish,1,,1,1,,,1
lizard,60,11,18,26,57,11,6
llama,27,5,9,7,28,4,2
llamas,1,1,,,,,
lobster,39,1,4,23,38,3,6
locust,1,,,,,,
loki,,,,,,1,
lola,,,,,,2,
loon,2,,,,,,
loris,,,,1,,,
luna,1,,1,,,2,
luna snake,,,,,1,,
lynx,8,7,2,3,4,2,1
lyrebird,,,,,1,,
macaw,,1,1,3,,2,
malayan tapir,,,,,,1,
manatee,19,10,8,7,16,,5
manatees,,1,,,,,
manatã­,,1,,,,,
mandrill,,,2,1,2,2,1
maned wolf,,3,,1,,1,
manta ray,2,1,,,,,
mantis,1,,,2,3,1,1
mantis shrimp,,2,1,1,,,1
marjorie kangaroo,,,,,1,,
marlin,3,,,,,,
marmoset,,,1,1,,,
marmot,2,1,3,1,1,,1
meadow,,,1,,,,
meerkat,68,29,30,38,64,24,20
mekong giant catfish,,1,,,,,
milky stork,,1,,,,,
millipede,3,,,,,,
mink,,2,1,,,,
minks,,1,,,,,
misty,1,,,1,,,
mite,1,,,,,,
mittens,,,2,1,,4,1
mockingbird,1,,,,,,
moduleid,1,,,,,,
mola mola,1,1,3,1,1,,
mole,21,5,7,15,6,12,7
mole cricket,,,,1,,,
mole rat,,1,3,,,,
mollusk,,,,1,,,
molly,1,,,,,,
mongeese,1,1,1,,,,
mongolian wild ass,,,,1,,,
mongoose,52,28,19,36,41,27,22
mongooses,1,,,,,,
mongrel,1,,2,,1,,
mongrel dog,,,,,1,,
monk seal,1,,,,,,
monkey,194,235,170,124,135,124,111
monkeys,1,,,,,,
moose,43,5,10,21,46,6,12
moray eel,,,,1,,,
mosquito,1,,,,1,,
moth,10,1,1,1,1,,
mountain goat,,,,1,,1,
mountain gorilla,,,1,1,,,
mountain lion,1,,,,,,
mountain lion/wildcat,1,,,,,,
mouse,16,8,3,7,15,1,3
mule,3,1,,,2,,
murciã©lago,,1,,,,,
musk ox,,,1,,,,
mustang,,,1,,,,
myna,,,,1,,,
mystic wolf,,1,,,,,
narwhal,13,14,8,49,13,50,32
nematode,1,,,,,,
newt,11,,1,1,2,,
nibbles,,,,,,,1
north american beaver,,1,,,,,
northern cardinal,,,1,,,,
northern rockhopper penguin,,,,1,,,
nugget,1,,1,,,1,
numbat,14,19,23,6,11,,7
oak tree,1,,,,,,
ocelot,16,20,12,9,15,2,3
ocelote,,1,,,,,
octopus,123,48,56,73,108,47,79
okapi,13,19,19,22,16,15,14
onyx,1,,,,,,
opossum,3,,,,,,
orangutan,20,5,11,13,22,7,14
orangutã¡n,,1,,,,,
orca,7,,,,2,,1
orcas,,1,1,,,,
oryx,1,1,,1,,,
osprey,3,,,1,1,,
ostrich,106,78,74,62,112,56,48
otter,160,129,98,70,146,71,49
otterhound,,,,1,,,
otters,,,,1,,,
owl,57,22,49,89,77,57,77
owlet,1,1,,1,,,
owls,,,1,,,,
ox,2,1,1,,,,
oyster,2,,,,,,
paddlefish,,,,1,,,
pagoda,,,1,,,,
panda,114,94,154,130,160,110,151
pangolin,15,21,19,15,21,15,11
pangolins,,1,,,,,
panther,26,9,4,2,5,7,2
pantheraurus,1,,,,,,
parakeet,1,,,,,,1
parrot,72,12,24,20,45,6,12
partridge,1,,,,,,
patches,1,,1,,,3,1
peacock,57,14,19,6,28,5,1
peacok,,,,,,1,
peafowl,2,,,,,,
peanut,,,,2,,2,
pelican,11,4,5,7,10,4,2
penguin,307,347,365,284,355,237,311
penguins,,,,,,,1
pengwin,,1,,,,,
peregrine falcon,2,,2,,,,
persian cat,,,1,,1,,
pheasant,2,,,,,1,1
pickle,,,1,,,,
pig,24,3,6,1,16,,5
pigeon,12,3,1,1,6,1,1
pine marten,,,,1,,,
pingã¼ino,,1,,,,,
pink dart frog,,1,,,,,
pink fairy armadillo,,2,,,,,
pink flamingo,,,,1,,,
platypus,25,17,9,33,15,49,26
polar bear,32,5,15,6,7,6,11
pomeranian,1,1,,1,1,,
pony,,,,1,,,
porcupine,39,4,6,6,26,2,
porpoise,1,,,1,2,,
prairie dog,3,1,1,1,1,,
praying mantis,1,,,,1,,
proboscis monkey,,1,,1,,,
pudding,,,,1,,,
pudu,,,1,,,,
pufferfish,1,,,2,1,1,
puffin,3,3,1,8,1,21,4
pug,,1,,,,,
puma,30,14,5,21,14,12,16
python,5,,2,,2,,
quadruped,1,,,,,,
quagga,,,,,,,1
quail,34,18,29,44,32,38,29
quails,,1,,,,,
quetzal,,,,,1,,
quincy,,,1,,,,
quincy octopus,,,,,1,,
quokka,14,23,21,26,9,19,11
rabbit,131,95,60,69,122,52,60
raccoon,74,35,21,44,47,52,27
racoon,1,,,,,,
railsback frog,,,,1,,,
rain frog,,1,,,,,
ram,1,,,,,,
ranger,1,,,,,,
raptor,,,,,1,,
rat,6,2,2,3,5,,1
rattlesnake,11,9,5,19,18,17,23
raven,7,,,,5,,
ray,1,,,,,,
red fox,8,4,4,4,4,8,1
red kangaroo,,,,1,,,
red panda,15,7,2,5,2,3,3
reindeer,9,,,1,4,,
rhea,,,1,,,,
rhesus macaque,,,1,,,,
rhino,47,66,38,48,25,44,40
rhinoceros,129,120,139,118,184,75,110
rhinoceros beetle,,,,1,,,
rhinoceroses,,1,,,,,
rinoceronte,,1,,,,,
roadrunner,2,,,,,,
robin,11,,,2,6,,
rocky,,,,,,2,
roderick ostrich,,,,,1,,
rooster,3,,,,,1,
roseate spoonbill,,,,,1,,
rottweiler,,1,,,,,
rover,,,1,,,,
ruffian,,,,,,1,
rufus,,,1,,,,
saber-toothed tiger,1,1,,,,,
sable,,,,1,,,
saiga antelope,,,,1,,,
salamander,36,15,9,26,23,16,17
salmon,19,7,4,9,11,4,2
sandpiper,,1,,,,,
saola,,1,,,,,
sassy,,,,,,1,
scallop,1,,,,,,
scarlet macaw,,,,,,1,
scorpion,14,,2,2,10,,
sea anemone,1,,,,,,
sea cucumber,3,,,1,1,,
sea lion,12,1,2,1,5,,
sea otter,2,2,1,1,1,,1
sea star,,,,,1,,
sea turtle,9,6,2,,7,,2
sea urchin,19,,,,5,,
seadragon,1,,,,,,
seagull,27,6,6,3,18,,
seahorse,34,6,5,14,24,9,10
seal,75,26,21,23,54,7,11
sealion,3,,2,1,7,,
seastar,1,,,,,,
serval,1,1,1,,,,
shadow panther,,1,,,,,
shark,58,14,29,49,76,16,33
sheep,32,11,3,6,23,3,6
shellfish,,,1,,1,,
shipworm,1,,,,,,
shrew,1,,,,,,
shrimp,3,3,1,1,2,,
siamese,,1,,,,,
siamese cat,,,,,1,,
siberian crane,,,,1,,,
siberian husky,,1,,3,1,2,
siberian tiger,,2,1,1,,,
sifaka,,1,,,,,
signalerror,1,,,,,,
silent lemur,,1,,,,,
simba,1,,,,,1,
skink,1,,,,,,
skunk,30,2,3,3,23,2,1
skunks,,1,,,,,
slime mold,1,,,,,,
sloth,72,41,40,24,55,38,22
sloth bear,1,,,,,,
slow loris,,,,1,,,
slug,10,,1,,7,,
snail,20,1,4,6,16,,
snake,135,116,54,86,104,58,64
snakes,1,,,1,,,
snapping turtle,1,,,,1,,
snipe,1,,,,,,
snow leopard,1,10,5,6,3,8,
snowball,,,,,,2,1
snowflake,,,,1,,,
snowy,,,,1,,,
snowy owl,,,,1,,,
snuffles,,,1,,,2,
socks,1,,,1,,,
south american tapir,,1,,,,,
southern cassowary,,,,1,,,
sparky,1,,2,2,,4,1
sparrow,10,4,3,6,16,,4
sperm whale,,,,1,,,
spider,19,5,8,6,19,,
spider monkey,,,1,,,,
spike,1,,1,,,,
spotted salamander,,2,,2,,,
springbok,,2,,,,,
sprocket,,,,1,,,
squeaky,,,,,,,1
squid,27,13,3,6,16,,2
squidward,,,1,,,,
squirel,1,,,,,,
squirrel,51,33,41,18,62,7,10
star-nosed mole,,,,1,,,
starfish,40,3,3,6,29,,1
stingray,7,1,,,1,1,
storck,,1,,,,,
stork,4,,,,2,,
strawberry poison frog,,1,,,,,
sturgeon,1,,,,,,
sugar,,1,,,,,
sugar glider,3,1,1,2,,1,
sumatran orangutan,,,,1,,,
sun bear,2,,1,,,,
sunbird,,1,,,,,
sunlit salamander,,1,,,,,
swallow,14,3,,1,1,,
swan,36,2,14,14,35,3,3
swift falcon,,1,,,,,
swift fox,,,1,,,,
swordfish,1,,,,,,
swordtail catfish,,,,1,,,
sylvester squirrel,,,,,1,,
tahr,,,,,2,,
takelma,,1,,,,,
takin,,,1,,1,,
tamarin,,,1,3,3,,
tamarins,1,,,,,,
tamarow,1,,,,,,
tapir,25,17,5,15,24,8,13
tapirus,,1,,,,,
tarantula,,6,,2,,,
tardigrade,,,,,,,1
tarpon,,,,,1,,
tarsier,8,9,15,6,6,2,1
tasmanian devil,2,1,1,,5,6,
tawny frogmouth,,,,1,,,
termite,6,,,,,,
tern,1,,,,,,
tetra,1,,,,,,
thane,,,,1,,,
thistle,,,,,,1,
thomson's gazelle,,,,1,,,
tiger,388,354,395,363,394,351,369
tiger cat,1,,1,1,,,
tiger catfish,,1,,,,,
tiger salamander,,,,1,,,
tiger shark,1,,,,,,
toad,22,2,13,17,32,,3
toboggan catshark,,,,1,,,
toby,1,,,,,,
tortoise,34,13,16,11,25,,5
toucan,27,15,21,22,30,8,9
tree frog,1,2,1,1,1,1,
tree pangolin,,1,1,,,,
trout,4,,,,1,,
tufted capuchin,,1,,,,,
tuna,9,,,,1,,
turaco,,,1,,,,
turkey,24,6,1,,5,,1
turtle,49,4,15,17,29,,9
uakari,4,5,1,3,,,1
urchin,,,1,,,,
urial,2,,1,,,,
vampire bat,,,,1,,1,1
vicuã±a,,2,,2,,,
viper,2,,,1,4,,
vole,,,,,,1,
vulture,33,5,7,17,27,3,7
wallaby,19,10,3,11,13,3,7
walrus,85,37,31,32,66,27,23
wapiti,,,,,,1,
warthog,4,2,,4,2,6,5
wasp,,,,1,,,
weasel,3,5,,1,2,,1
western grey kangaroo,,1,,,,,
western lowland gorilla,,,,1,,,
whale,57,21,44,42,55,19,20
whales,,,,1,,,
whirligig,,,1,,,,
whiskers,1,,2,1,,4,1
wild boar,1,,,,,,
wildboar,1,,,,,,
wildcat,8,,1,,,,
wilddog,1,,,,,,
wildebeest,1,,,,5,,
wolf,211,238,165,189,198,195,154
wolf spider,1,,,,,,
wolverine,2,3,2,,10,2,
wombat,18,11,7,9,23,11,3
woodchuck,2,,,,1,,
woodcock,1,,,,,,
woodpecker,6,,1,,6,,
worm,2,,,1,1,,
wren,,,,,,1,
xenops,,,,1,,,
xenopus,3,5,,,,,1
xerus,1,,1,2,,,
yak,8,2,3,2,3,,1
yellow,1,,,,,,
yellowfin tuna,,1,,1,,,
zebra,302,279,303,282,285,304,296
zebra fish,1,,,,,,
zebra shark,,,,,1,,
zebras,,,,,1,,
zebu,1,,1,1,,,
zeebra,,1,,,,,
zeus,1,,,,,,
zorilla,2,,1,,,,
äº§ä¸šå…”,,,,,,,1
